{"cameraMode":{"drawMode":0,"name":"Shaded","section":"Shading Mode"},"sceneLighting":true,"audioPlay":false,"sceneViewState":{"showFog":true,"showMaterialUpdate":false,"showSkybox":true,"showFlares":true,"showImageEffects":true,"showParticleSystems":true},"in2DMode":false,"pivot":{"x":-0.12486353516578675,"y":3.136815071105957,"z":-15.287101745605469},"rotation":{"x":0.29257914423942568,"y":0.021513110026717187,"z":-0.0065843695774674419,"w":0.9559786915779114},"size":11.789144515991211,"orthographic":false}