{"cameraMode":{"drawMode":0,"name":"Shaded","section":"Shading Mode"},"sceneLighting":true,"audioPlay":false,"sceneViewState":{"showFog":true,"showMaterialUpdate":false,"showSkybox":true,"showFlares":true,"showImageEffects":true,"showParticleSystems":true},"in2DMode":false,"pivot":{"x":47.141029357910159,"y":0.0584564208984375,"z":-43.77473449707031},"rotation":{"x":0.6543808579444885,"y":0.006805166136473417,"z":-0.005889630876481533,"w":0.7561126947402954},"size":80.82709503173828,"orthographic":false}