{"cameraMode":{"drawMode":0,"name":"Shaded","section":"Shading Mode"},"sceneLighting":true,"audioPlay":false,"sceneViewState":{"showFog":true,"showMaterialUpdate":false,"showSkybox":true,"showFlares":true,"showImageEffects":true,"showParticleSystems":true},"in2DMode":false,"pivot":{"x":2.5355048179626467,"y":-6.374519348144531,"z":-7.797109603881836},"rotation":{"x":-0.38030949234962466,"y":-0.11414983868598938,"z":0.04736398905515671,"w":-0.9165652394294739},"size":28.533809661865236,"orthographic":false}