{"cameraMode":{"drawMode":0,"name":"Shaded","section":"Shading Mode"},"sceneLighting":true,"audioPlay":false,"sceneViewState":{"showFog":true,"showMaterialUpdate":false,"showSkybox":true,"showFlares":true,"showImageEffects":true,"showParticleSystems":true},"in2DMode":false,"pivot":{"x":3.200000047683716,"y":2.9000000953674318,"z":-12.247547149658204},"rotation":{"x":0.19132453203201295,"y":0.09845854341983795,"z":-0.01929311268031597,"w":0.9763858318328857},"size":15.736973762512207,"orthographic":false}